<html>
  <head>
    <meta charset="UTF-8"/>
    <title>LISTE DE VETEMENT</title>
  </head>
  <body>
    <resultat>
      <ul class="vedette">
        <mot>abadá</mot>
        <categorie>
          <cat>Nom commun</cat>
        </categorie>
        <traduc>
          <ul class="contenu">
            <Langue>Anglais</Langue>
            <MotTraduit>abadá</MotTraduit>
          </ul>
          <ul class="contenu">
            <Langue>Portugais</Langue>
            <MotTraduit>abadá</MotTraduit>
          </ul>
        </traduc>
      </ul>
      <ul class="vedette">
        <mot>abaya</mot>
        <categorie>
          <cat>Nom commun</cat>
        </categorie>
        <traduc>
          <ul class="contenu">
            <Langue>Anglais</Langue>
            <MotTraduit>abaya</MotTraduit>
          </ul>
          <ul class="contenu">
            <Langue>Bulgare</Langue>
            <MotTraduit>аба</MotTraduit>
          </ul>
        </traduc>
      </ul>
      <ul class="vedette">
        <mot>affublement</mot>
        <categorie>
          <cat>Nom commun</cat>
        </categorie>
        <traduc/>
      </ul>
      <ul class="vedette">
        <mot>amauti</mot>
        <categorie>
          <cat>Nom commun</cat>
        </categorie>
        <traduc>
          <ul class="contenu">
            <Langue>Anglais</Langue>
            <MotTraduit>amauti</MotTraduit>
          </ul>
          <ul class="contenu">
            <Langue>Inuktitut</Langue>
            <MotTraduit>ᐊᒪᐅᑎ</MotTraduit>
          </ul>
          <ul class="contenu">
            <Langue/>
            <MotTraduit>amauti</MotTraduit>
          </ul>
        </traduc>
      </ul>
      <ul class="vedette">
        <mot>amict</mot>
        <categorie>
          <cat>Nom commun</cat>
        </categorie>
        <traduc>
          <ul class="contenu">
            <Langue>Anglais</Langue>
            <MotTraduit>amice</MotTraduit>
          </ul>
          <ul class="contenu">
            <Langue>Espagnol</Langue>
            <MotTraduit>amito</MotTraduit>
          </ul>
        </traduc>
      </ul>
      <ul class="vedette">
        <mot>ampli</mot>
        <categorie>
          <cat>Nom commun</cat>
        </categorie>
        <traduc/>
      </ul>
    </resultat>
  </body>
</html>